Workbook

Sheet Cover
A1: Score Sheet — Cover
A3: Template version | B3: v4.7 (rubric) · score sheet for evaluate-sdd v4.7 · ZMS v4.6 · dual-judge consensus
A4: Schema authority | B4: rubric v4.7 §8 (R1, R3–R28; R2 retired under dual-judge); OH v4.7 §3.8, §4
A5: Populated by | B5: score_sheet_populate.py (Section E — once per lane)
A6: Reads | B6: output-{a|b}-scoring-bundle.json (after 28-rule bundle validation per rubric §8 / OH §3.8.1)
A8: Run metadata
A9: framework_version | B9: {{framework_version}} | C9: Framework version (one consistent set; no separate schema number)
A10: run_id | B10: {{run_id}} | C10: intake_validate.py
A11: run_timestamp | B11: {{run_timestamp}} | C11: intake_validate.py
A12: blinding_label | B12: {{blinding_label}} | C12: Output A or Output B (OH §3.3) — R1 enforces
A13: operator_session_id | B13: {{operator_session_id}} | C13: OH §3.3.1
A14: model_version | B14: {{model_version}} | C14: Single value applied to both lanes (OH §3.3.1)
A15: judge_a_model | B15: {{judge_a_model}} | C15: Judge A — Claude Code model version (header.judge_models)
A16: judge_b_model | B16: {{judge_b_model}} | C16: Judge B — Gemini model (header.judge_models)
A17: methodology_version | B17: {{methodology_version}} | C17: OH §3.3.1
A18: input_artefact_sha256 | B18: {{input_artefact_sha256}} | C18: Same-input provenance (OH §3.3.1)
A19: integration_count | B19: {{integration_count}} | C19: OH §3.1 distinct-named-systems
A20: integration_heavy | B20: {{integration_heavy}} | C20: OH §3.1 — true if ≥4 material integration points
... A33: stub_missing_count_over_8_required | B33: {{stub_missing_count}} | C33: From Section C
A36: Bundle validation (R1–R28 — rubric §8 / OH §3.8.1; R2 retired under dual-judge)
A37: Rule | B37: Result | C37: Detail
A38: R1 | B38: {{R1_result}} | C38: blinding_label matches requested label
A39: R2 | B39: {{R2_result}} | C39: retired under dual-judge (five-run arrays are a five-pass-protocol structure)
A40: R3 | B40: {{R3_result}} | C40: consensus per-dim recomputation (Σ consensus sub-scores; Dim-3 net of capped deductions, floor 0; Dim-4 floored)
A41: R4 | B41: {{R4_result}} | C41: per-judge totals present and numeric for both judges on all 7 dims; consensus inside the judges' envelope
A42: R5 | B42: {{R5_result}} | C42: agreement fields consistent with judge values (per_dim_agreement = 1 − |A−B|/dim_max; agreement_stats coherent)
A43: R6 | B43: {{R6_result}} | C43: per_dim_band ∈ {STRONG, GOOD, ADEQUATE, WEAK}
A44: R7 | B44: {{R7_result}} | C44: per_dim_truth_source schema matches rubric §4.4 (ZMS in calibration_role)
A45: R8 | B45: {{R8_result}} | C45: dim_3_sub_criteria structure (4 or 5 entries depending on multi_cloud)
A46: R9 | B46: {{R9_result}} | C46: dim_4_sub_criteria CP+ADQ; floor_cap matches Section C
A47: R10 | B47: {{R10_result}} | C47: Deduction format (ID ^(TRUST|RR)-\d+$; TRUST ∈ {−1,−3,−5}, RR ∈ {−1,−3}; non-empty passage; RR requires salesforce_source)
A48: R11 | B48: {{R11_result}} | C48: Dim 1/2/6 firewall — no ZMS-as-requirements-authority phrasings
... A65: R28 | B65: {{R28_result}} | C65: judge_independence_attestation verbatim; judge_runs_by_dimension contains exactly the two configured judges + consensus
A66: Attestations (R15, R16, R28 — must match template verbatim)
A67: Non-bias attestation | B67: I confirm that every band assignment traces to a ZMS criterion verdict cited in zms_calibration_citations; on Dim 1/2/6 every band assignment also traces to an operator-BRD passage cited in per_dim_key_reasoning; no scoring was based on prior beliefs about Salesforce architecture independent of the ZMS calibration reference.
A68: Blinding attestation | B68: I confirm that this scoring bundle was produced without knowledge of which lane (ZennAgent or off-the-shelf) this SDD represents. All references use the blinding label assigned at intake.
A69: Judge-independence attestation | B69: I confirm that each judge scored this SDD independently from an identical blinded packet, that neither judge's output was available to the other before reconciliation, and that every consensus value traces to an agreed verdict, an evidence-cited ruling, or a recorded dissent resolved conservatively.

Sheet Per_Dimension_Scoring
A1: Per-Dimension Scoring — Final Means, Bands, Gates
A2: Per-dimension score = the dual-judge CONSENSUS value: each judge scores once from a byte-identical blinded packet; divergences are reconciled on cited SDD evidence; dissents resolve conservatively and are listed in the report's Dissent & Reconciliation annex. Final per-dim score = consensus after deductions (Dim 3) and floor (Dim 4). 80% gate per rubric §8; band per rubric §3. Dissent flag marks dimensions touched by a recorded dissent.
A4: Dim | B4: Dimension | C4: Max weight | D4: Mean score | E4: Deductions applied | F4: Final score | G4: Band | H4: Gate status | I4: Gate (pass/fail)
A5: 1 | B5: Business Requirements Comprehension | C5: 15 | D5: {{dim_1_mean}} | E5: {{dim_1_deductions}} | F5: =IFERROR(MAX(0,D5+E5),"") | G5: {{dim_1_band}} | H5: {{dim_1_gate}} | I5: =IF(F5="","",IF(F5>=0.8*C5,"PASS",IF(F5>=0.7*C5,"MARGINAL_PASS",IF(F5>=0.65*C5,"MARGINAL_FAIL","FAIL"))))
A6: 2 | B6: Requirement Coverage | C6: 15 | D6: {{dim_2_mean}} | E6: {{dim_2_deductions}} | F6: =IFERROR(MAX(0,D6+E6),"") | G6: {{dim_2_band}} | H6: {{dim_2_gate}} | I6: =IF(F6="","",IF(F6>=0.8*C6,"PASS",IF(F6>=0.7*C6,"MARGINAL_PASS",IF(F6>=0.65*C6,"MARGINAL_FAIL","FAIL"))))
A7: 3 | B7: Salesforce Solution Fit | C7: 20 | D7: {{dim_3_mean}} | E7: {{dim_3_deductions}} | F7: =IFERROR(MAX(0,D7+E7),"") | G7: {{dim_3_band}} | H7: {{dim_3_gate}} | I7: =IF(F7="","",IF(F7>=0.8*C7,"PASS",IF(F7>=0.7*C7,"MARGINAL_PASS",IF(F7>=0.65*C7,"MARGINAL_FAIL","FAIL"))))
A8: 4 | B8: Design Specificity | C8: 15 | D8: {{dim_4_mean}} | E8: {{dim_4_deductions}} | F8: =IFERROR(MAX(0,D8+E8),"") | G8: {{dim_4_band}} | H8: {{dim_4_gate}} | I8: =IF(F8="","",IF(F8>=0.8*C8,"PASS",IF(F8>=0.7*C8,"MARGINAL_PASS",IF(F8>=0.65*C8,"MARGINAL_FAIL","FAIL"))))
A9: 5 | B9: Dependencies and Assumptions | C9: =IF(OR(Cover!B18=TRUE(),UPPER(TRIM(Cover!B18&""))="TRUE"),15,10) | D9: {{dim_5_mean}} | E9: {{dim_5_deductions}} | F9: =IFERROR(MAX(0,D9+E9),"") | G9: {{dim_5_band}} | H9: {{dim_5_gate}} | I9: =IF(F9="","",IF(F9>=0.8*C9,"PASS",IF(F9>=0.7*C9,"MARGINAL_PASS",IF(F9>=0.65*C9,"MARGINAL_FAIL","FAIL"))))
A10: 6 | B10: Scope Discipline | C10: 10 | D10: {{dim_6_mean}} | E10: {{dim_6_deductions}} | F10: =IFERROR(MAX(0,D10+E10),"") | G10: {{dim_6_band}} | H10: {{dim_6_gate}} | I10: =IF(F10="","",IF(F10>=0.8*C10,"PASS",IF(F10>=0.7*C10,"MARGINAL_PASS",IF(F10>=0.65*C10,"MARGINAL_FAIL","FAIL"))))
A11: 7 | B11: Estimation Readiness | C11: =IF(OR(Cover!B18=TRUE(),UPPER(TRIM(Cover!B18&""))="TRUE"),10,15) | D11: {{dim_7_mean}} | E11: {{dim_7_deductions}} | F11: =IFERROR(MAX(0,D11+E11),"") | G11: {{dim_7_band}} | H11: {{dim_7_gate}} | I11: =IF(F11="","",IF(F11>=0.8*C11,"PASS",IF(F11>=0.7*C11,"MARGINAL_PASS",IF(F11>=0.65*C11,"MARGINAL_FAIL","FAIL"))))
B13: TOTAL | C13: =SUM(C5:C11) | F13: =SUM(F5:F11) | I13: =IF(COUNTIF(I5:I11,"FAIL")>0,"FAIL",IF(COUNTIF(I5:I11,"MARGINAL_FAIL")>0,"MARGINAL_FAIL",IF(COUNTIF(I5:I11,"MARGINAL_PASS")>0,"MARGINAL_PASS","PASS")))
A14: Overall gate | H14: {{overall_gate}}

Sheet Dim_1-7_Sub_Criteria
A1: Sub-Criteria Scores — All 7 Dimensions
A2: 21 sub-criteria across 7 dimensions (22 if multi_cloud=true — adds 3E). Each row records Judge A (Claude) and Judge B (Gemini) — each an independent cold read from a byte-identical blinded packet — the consensus value, and its provenance (agreed / adopt_claude / adopt_gemini / meet_between / dissent). Dissent consensus is the conservative minimum; the reasoning excerpt carries the audit trail. Sub-criterion max varies with multi_cloud (Dim 3); Dim-5/7 weight swap (integration_heavy) applies at dimension level.
A4: Dim | B4: Sub-criterion ID | C4: Sub-criterion name | D4: Max (this run) | E4: Judge A (Claude) | F4: Judge B (Gemini) | G4: Consensus | H4: Provenance | J4: Score (= consensus) | K4: Reasoning excerpt
A5: 1 | B5: 1A | C5: Requirement Parsing Depth | D5: 5 | E5: {{1A_cc}} | F5: {{1A_gm}} | G5: {{1A_con}} | H5: {{1A_prov}} | J5: =IFERROR(G5,"") | K5: {{1A_reasoning}}
A6: 1 | B6: 1B | C6: Stakeholder and Persona Recognition | D6: 5 | E6: {{1B_cc}} | F6: {{1B_gm}} | G6: {{1B_con}} | H6: {{1B_prov}} | J6: =IFERROR(G6,"") | K6: {{1B_reasoning}}
A7: 1 | B7: 1C | C7: Constraint and Assumption Extraction | D7: 5 | E7: {{1C_cc}} | F7: {{1C_gm}} | G7: {{1C_con}} | H7: {{1C_prov}} | J7: =IFERROR(G7,"") | K7: {{1C_reasoning}}
A8: 2 | B8: 2A | C8: Functional Requirement Traceability | D8: 5 | E8: {{2A_cc}} | F8: {{2A_gm}} | G8: {{2A_con}} | H8: {{2A_prov}} | J8: =IFERROR(G8,"") | K8: {{2A_reasoning}}
A9: 2 | B9: 2B | C9: Non-Functional Requirement Coverage | D9: 5 | E9: {{2B_cc}} | F9: {{2B_gm}} | G9: {{2B_con}} | H9: {{2B_prov}} | J9: =IFERROR(G9,"") | K9: {{2B_reasoning}}
A10: 2 | B10: 2C | C10: Gap and Risk Identification | D10: 5 | E10: {{2C_cc}} | F10: {{2C_gm}} | G10: {{2C_con}} | H10: {{2C_prov}} | J10: =IFERROR(G10,"") | K10: {{2C_reasoning}}
A11: 3 | B11: 3A | C11: Cloud and Module Selection | D11: =IF(OR(Cover!B19=TRUE(),UPPER(TRIM(Cover!B19&""))="TRUE"),4,5) | E11: {{3A_cc}} | F11: {{3A_gm}} | G11: {{3A_con}} | H11: {{3A_prov}} | J11: =IFERROR(G11,"") | K11: {{3A_reasoning}}
A12: 3 | B12: 3B | C12: Trusted Design | D12: =IF(OR(Cover!B19=TRUE(),UPPER(TRIM(Cover!B19&""))="TRUE"),4,5) | E12: {{3B_cc}} | F12: {{3B_gm}} | G12: {{3B_con}} | H12: {{3B_prov}} | J12: =IFERROR(G12,"") | K12: {{3B_reasoning}}
A13: 3 | B13: 3C | C13: Easy Design | D13: =IF(OR(Cover!B19=TRUE(),UPPER(TRIM(Cover!B19&""))="TRUE"),4,5) | E13: {{3C_cc}} | F13: {{3C_gm}} | G13: {{3C_con}} | H13: {{3C_prov}} | J13: =IFERROR(G13,"") | K13: {{3C_reasoning}}
A14: 3 | B14: 3D | C14: Adaptable Design | D14: =IF(OR(Cover!B19=TRUE(),UPPER(TRIM(Cover!B19&""))="TRUE"),4,5) | E14: {{3D_cc}} | F14: {{3D_gm}} | G14: {{3D_con}} | H14: {{3D_prov}} | J14: =IFERROR(G14,"") | K14: {{3D_reasoning}}
A15: 3 | B15: 3E | C15: Multi-Cloud Architecture | D15: =IF(OR(Cover!B19=TRUE(),UPPER(TRIM(Cover!B19&""))="TRUE"),4,"N/A") | E15: {{3E_cc}} | F15: {{3E_gm}} | G15: {{3E_con}} | H15: {{3E_prov}} | J15: =IFERROR(G15,"") | K15: {{3E_reasoning}}
A16: 4 | B16: 4A | C16: Component Presence (CP) | D16: 9 | E16: {{4A_cc}} | F16: {{4A_gm}} | G16: {{4A_con}} | H16: {{4A_prov}} | J16: =IFERROR(G16,"") | K16: {{4A_reasoning}}
A17: 4 | B17: 4B | C17: Architectural Decision Quality (ADQ) | D17: 6 | E17: {{4B_cc}} | F17: {{4B_gm}} | G17: {{4B_con}} | H17: {{4B_prov}} | J17: =IFERROR(G17,"") | K17: {{4B_reasoning}}
A18: 5 | B18: 5A | C18: Dependency Identification and Classification | D18: =IF(OR(Cover!B18=TRUE(),UPPER(TRIM(Cover!B18&""))="TRUE"),6,4) | E18: {{5A_cc}} | F18: {{5A_gm}} | G18: {{5A_con}} | H18: {{5A_prov}} | J18: =IFERROR(G18,"") | K18: {{5A_reasoning}}
A19: 5 | B19: 5B | C19: Assumption Documentation and Risk Assessment | D19: =IF(OR(Cover!B18=TRUE(),UPPER(TRIM(Cover!B18&""))="TRUE"),4,3) | E19: {{5B_cc}} | F19: {{5B_gm}} | G19: {{5B_con}} | H19: {{5B_prov}} | J19: =IFERROR(G19,"") | K19: {{5B_reasoning}}
A20: 5 | B20: 5C | C20: Integration Failure Modes | D20: =IF(OR(Cover!B18=TRUE(),UPPER(TRIM(Cover!B18&""))="TRUE"),5,3) | E20: {{5C_cc}} | F20: {{5C_gm}} | G20: {{5C_con}} | H20: {{5C_prov}} | J20: =IFERROR(G20,"") | K20: {{5C_reasoning}}
A21: 6 | B21: 6A | C21: In-Scope / Out-of-Scope Delineation | D21: 4 | E21: {{6A_cc}} | F21: {{6A_gm}} | G21: {{6A_con}} | H21: {{6A_prov}} | J21: =IFERROR(G21,"") | K21: {{6A_reasoning}}
A22: 6 | B22: 6B | C22: Phasing and Prioritisation | D22: 3 | E22: {{6B_cc}} | F22: {{6B_gm}} | G22: {{6B_con}} | H22: {{6B_prov}} | J22: =IFERROR(G22,"") | K22: {{6B_reasoning}}
A23: 6 | B23: 6C | C23: Scope Creep Resistance | D23: 3 | E23: {{6C_cc}} | F23: {{6C_gm}} | G23: {{6C_con}} | H23: {{6C_prov}} | J23: =IFERROR(G23,"") | K23: {{6C_reasoning}}
A24: 7 | B24: 7A | C24: Estimable Work Units | D24: =IF(OR(Cover!B18=TRUE(),UPPER(TRIM(Cover!B18&""))="TRUE"),3,5) | E24: {{7A_cc}} | F24: {{7A_gm}} | G24: {{7A_con}} | H24: {{7A_prov}} | J24: =IFERROR(G24,"") | K24: {{7A_reasoning}}
A25: 7 | B25: 7B | C25: Complexity and Effort Indicators | D25: =IF(OR(Cover!B18=TRUE(),UPPER(TRIM(Cover!B18&""))="TRUE"),4,5) | E25: {{7B_cc}} | F25: {{7B_gm}} | G25: {{7B_con}} | H25: {{7B_prov}} | J25: =IFERROR(G25,"") | K25: {{7B_reasoning}}
A26: 7 | B26: 7C | C26: Delivery Readiness Signals | D26: =IF(OR(Cover!B18=TRUE(),UPPER(TRIM(Cover!B18&""))="TRUE"),3,5) | E26: {{7C_cc}} | F26: {{7C_gm}} | G26: {{7C_con}} | H26: {{7C_prov}} | J26: =IFERROR(G26,"") | K26: {{7C_reasoning}}

Sheet Deductions
A1: Deductions — TRUST (rubric §7.1) + RR (rubric §7.2)
A2: Applied to Dim 3 ONLY after sub-criterion scoring. TRUST deductions: 9 named entries TRUST-001..009, no cumulative cap. Release-awareness (RR-N) deductions: −1 (named but currency unverified, live path ran) or −3 (Salesforce-confirmed not-in-force); cumulative cap −9 (rubric §7.2); the populator writes each finding's actual value. Dim 3 floors at zero. Each deduction MUST cite the triggering SDD passage and the Salesforce source (URL or Release Notes citation) — R10 enforces format.
A4: Deduction ID | B4: Type | C4: Value | D4: Triggering passage (SDD excerpt) | E4: Salesforce source (URL / Release Notes) | F4: Dimension | G4: Severity tier
A5: Trust deduction catalogue (rubric §7.1) — script enters triggering passage in column D only when triggered
A6: TRUST-001 | B6: TRUST | C6: -3 | D6: {{trust_001_passage}} | E6: architect.salesforce.com/well-architected/easy/automated | F6: 3 | G6: Major
A7: TRUST-002 | B7: TRUST | C7: -5 | D7: {{trust_002_passage}} | E7: architect.salesforce.com/well-architected/trusted/secure | F7: 3 | G7: Critical
A8: TRUST-003 | B8: TRUST | C8: -1 | D8: {{trust_003_passage}} | E8: Salesforce Lightning migration guidance | F8: 3 | G8: Minor
A9: TRUST-004 | B9: TRUST | C9: -1 | D9: {{trust_004_passage}} | E9: architect.salesforce.com/well-architected/trusted/secure | F9: 3 | G9: Minor
A10: TRUST-005 | B10: TRUST | C10: -3 | D10: {{trust_005_passage}} | E10: Spring '26 Release Notes — session ID retirement | F10: 3 | G10: Major
A11: TRUST-006 | B11: TRUST | C11: -1 | D11: {{trust_006_passage}} | E11: Spring '26 Release Notes — External Client Apps | F11: 3 | G11: Minor
A12: TRUST-007 | B12: TRUST | C12: -3 | D12: {{trust_007_passage}} | E12: architect.salesforce.com/well-architected/trusted/reliable | F12: 3 | G12: Major
A13: TRUST-008 | B13: TRUST | C13: -5 | D13: {{trust_008_passage}} | E13: developer.salesforce.com — Apex Governor Limits | F13: 3 | G13: Critical
A14: TRUST-009 | B14: TRUST | C14: -5 | D14: {{trust_009_passage}} | E14: architect.salesforce.com/well-architected/trusted/secure | F14: 3 | G14: Critical
A16: Release-Awareness (RR-N) deductions (rubric §7.2) — script appends one row per triggered RR; cumulative cap −9
A17: RR-001 | B17: RR | C17: -3 | D17: {{rr_001_passage}} | E17: {{rr_001_source}} | F17: 3
A18: RR-002 | B18: RR | C18: -3 | D18: {{rr_002_passage}} | E18: {{rr_002_source}} | F18: 3
A19: RR-003 | B19: RR | C19: -3 | D19: {{rr_003_passage}} | E19: {{rr_003_source}} | F19: 3
A20: RR-004 | B20: RR | C20: -3 | D20: {{rr_004_passage}} | E20: {{rr_004_source}} | F20: 3
A21: RR-005 | B21: RR | C21: -3 | D21: {{rr_005_passage}} | E21: {{rr_005_source}} | F21: 3
A22: RR-006 | B22: RR | C22: -3 | D22: {{rr_006_passage}} | E22: {{rr_006_source}} | F22: 3
A24: Totals
A25: Trust deductions total (no cap) | C25: =SUMPRODUCT((D6:D14<>"")*(C6:C14))
A26: RR deductions total (raw) | C26: =SUMPRODUCT((D17:D22<>"")*(C17:C22))
A27: RR deductions total (after −9 cap per rubric §7.2) | C27: =MAX(C26,-9)
A28: Dim 3 total deduction applied | C28: =C25+C27

Sheet Judge_Record
A1: Judge Record — Dual-Judge Dimension Scores & Agreement
A2: One row per dimension: each judge's post-adjustment total (Dim-3 net of capped deductions, Dim-4 floored — applied identically to both judges and the consensus), the consensus total, the score concordance (1 − |A−B| / dim max), the per-dimension verdict agreement rate, and the dissent flag (set iff a recorded dissent touches the dimension). Cross-model disagreement is reported, never averaged away: dissents resolve conservatively and are itemised in the report annex.
A4: Dim | B4: Dimension | C4: Judge A (Claude) | D4: Judge B (Gemini) | E4: Consensus | F4: Score concordance | G4: Verdict agreement | H4: Dissent flag
A5: 1 | B5: Business Requirements Comprehension | C5: {{dim_1_judge_cc}} | D5: {{dim_1_judge_gm}} | E5: {{dim_1_con}} | F5: {{dim_1_conc}} | G5: {{dim_1_agree_rate}} | H5: {{dim_1_dissent}}
A6: 2 | B6: Requirement Coverage | C6: {{dim_2_judge_cc}} | D6: {{dim_2_judge_gm}} | E6: {{dim_2_con}} | F6: {{dim_2_conc}} | G6: {{dim_2_agree_rate}} | H6: {{dim_2_dissent}}
A7: 3 | B7: Salesforce Solution Fit | C7: {{dim_3_judge_cc}} | D7: {{dim_3_judge_gm}} | E7: {{dim_3_con}} | F7: {{dim_3_conc}} | G7: {{dim_3_agree_rate}} | H7: {{dim_3_dissent}}
A8: 4 | B8: Design Specificity | C8: {{dim_4_judge_cc}} | D8: {{dim_4_judge_gm}} | E8: {{dim_4_con}} | F8: {{dim_4_conc}} | G8: {{dim_4_agree_rate}} | H8: {{dim_4_dissent}}
A9: 5 | B9: Dependencies and Assumptions | C9: {{dim_5_judge_cc}} | D9: {{dim_5_judge_gm}} | E9: {{dim_5_con}} | F9: {{dim_5_conc}} | G9: {{dim_5_agree_rate}} | H9: {{dim_5_dissent}}
A10: 6 | B10: Scope Discipline | C10: {{dim_6_judge_cc}} | D10: {{dim_6_judge_gm}} | E10: {{dim_6_con}} | F10: {{dim_6_conc}} | G10: {{dim_6_agree_rate}} | H10: {{dim_6_dissent}}
A11: 7 | B11: Estimation Readiness | C11: {{dim_7_judge_cc}} | D11: {{dim_7_judge_gm}} | E11: {{dim_7_con}} | F11: {{dim_7_conc}} | G11: {{dim_7_agree_rate}} | H11: {{dim_7_dissent}}
A13: Agreement summary (Backend Schema §6.5; computed once, TR-21)
A14: verdict_agreement_rate | B14: {{agree_rate_overall}} | C14: matched verdicts / non-NA criteria, both dim-groups
A15: score_concordance | B15: {{concordance_overall}} | C15: dim_max-weighted mean of per-dimension concordance
A16: agreement_overall | B16: {{agreement_overall}} | C16: 0.5 · verdict_agreement_rate + 0.5 · score_concordance
A17: reliability | B17: {{reliability_label}} | C17: ≥0.85 strong cross-model concurrence · 0.70–0.85 moderate · <0.70 weak
A18: dissent_count | B18: {{dissent_count}} | C18: criterion / sub-score dissents preserved in the annex
A19: divergence_count | B19: {{divergence_count}} | C19: items that required evidence-ruled reconciliation

Sheet Narrative
A1: Narrative — Per-Dimension Key Reasoning
A2: Per-dim key reasoning excerpts from the scoring bundle (per_dim_key_reasoning[k]). On Dim 1/2/6: MUST cite ≥ 1 operator-BRD passage (R18 — story-ID or BRD-section pointer). On all 7 dims: MUST reference ≥ 1 zms_calibration_citations entry (R13). Blinding label only in any reference (R14).
A4: Dim | B4: Dimension | C4: Truth source | D4: Key reasoning (cite BRD passages on Dim 1/2/6; cite zms_calibration_citations all dims)
A5: 1 | B5: Business Requirements Comprehension | C5: Operator BRD (requirements truth) + ZMS calibration reference | D5: {{dim_1_key_reasoning}}
A6: 2 | B6: Requirement Coverage | C6: Operator BRD (requirements truth) + ZMS calibration reference | D6: {{dim_2_key_reasoning}}
A7: 3 | B7: Salesforce Solution Fit | C7: Operator BRD (requirements truth) + Salesforce platform standards (technical truth) + ZMS calibration reference | D7: {{dim_3_key_reasoning}}
A8: 4 | B8: Design Specificity | C8: Operator BRD (requirements truth) + Content Mapping (structural truth) + ZMS calibration reference | D8: {{dim_4_key_reasoning}}
A9: 5 | B9: Dependencies and Assumptions | C9: Operator BRD (requirements truth) + ZMS calibration reference | D9: {{dim_5_key_reasoning}}
A10: 6 | B10: Scope Discipline | C10: Operator BRD (requirements truth) + ZMS calibration reference | D10: {{dim_6_key_reasoning}}
A11: 7 | B11: Estimation Readiness | C11: Operator BRD (requirements truth) + ZMS calibration reference | D11: {{dim_7_key_reasoning}}
